{
    "腕.L": "upper_arm.L",
    "腕.R": "upper_arm.R",
    "ひじ.L": "forearm.L",
    "ひじ.R": "forearm.R",
    "肩.L": "shoulder.L",
    "肩.R": "shoulder.R",
    "足.L": "thigh.L",
    "足.R": "thigh.R",
    "ひざ.L": "shin.L",
    "ひざ.R": "shin.R",
    "足首.L": "foot.L",
    "足首.R": "foot.R",
    "足先EX.L": "toe.L",
    "足先EX.R": "toe.R",
    "手首.L": "hand.L",
    "手首.R": "hand.R",
    "下半身": "spine",
    "上半身": "spine.001",
    "上半身3": "spine.002",
    "上半身2": "spine.003",
    "首": "spine.004",
    "頭": "spine.006",
    "目.L": "eye.L",
    "目.R": "eye.R",
    "親指０.R": "thumb.01.R",
    "親指１.R": "thumb.02.R",
    "親指２.R": "thumb.03.R",
    "人指１.R": "f_index.01.R",
    "人指２.R": "f_index.02.R",
    "人指３.R": "f_index.03.R",
    "中指１.R": "f_middle.01.R",
    "中指２.R": "f_middle.02.R",
    "中指３.R": "f_middle.03.R",
    "薬指１.R": "f_ring.01.R",
    "薬指２.R": "f_ring.02.R",
    "薬指３.R": "f_ring.03.R",
    "小指１.R": "f_pinky.01.R",
    "小指２.R": "f_pinky.02.R",
    "小指３.R": "f_pinky.03.R",
    "親指０.L": "thumb.01.L",
    "親指１.L": "thumb.02.L",
    "親指２.L": "thumb.03.L",
    "人指１.L": "f_index.01.L",
    "人指２.L": "f_index.02.L",
    "人指３.L": "f_index.03.L",
    "中指１.L": "f_middle.01.L",
    "中指２.L": "f_middle.02.L",
    "中指３.L": "f_middle.03.L",
    "薬指１.L": "f_ring.01.L",
    "薬指２.L": "f_ring.02.L",
    "薬指３.L": "f_ring.03.L",
    "小指１.L": "f_pinky.01.L",
    "小指２.L": "f_pinky.02.L",
    "小指３.L": "f_pinky.03.L"
}
