{
     "腕.L": "腕.L",
    "ひじ.L": "ひじ.L",
    "手首.L": "手首.L",
    "肩.L": "肩.L",
    "足.L": "足.L",
    "ひざ.L": "ひざ.L",
    "足首.L": "足首.L",
    "足先EX.L": "足先EX.L",
    "足首D.L": "足首D.L",

    "腕.R": "腕.R",
    "ひじ.R": "ひじ.R",
    "手首.R": "手首.R",
    "肩.R": "肩.R",
    "足.R": "足.R",
    "ひざ.R": "ひざ.R",
    "足首.R": "足首.R",
    "足先EX.R": "足先EX.R",
    "足首D.R": "足首D.R",

    "下半身": "下半身",
    "上半身": "上半身",
    "上半身1": "上半身1",
    "上半身3": "上半身3",
    "上半身2": "上半身2",
    "首": "首",
    "頭": "頭",
    "目.L": "目.L",
    "目.R": "目.R",

    "親指０.R": "親指０.R",
    "親指１.R": "親指１.R",
    "親指２.R": "親指２.R",

    "人指１.R": "人指１.R",
    "人指２.R": "人指２.R",
    "人指３.R": "人指３.R",

    "中指１.R": "中指１.R",
    "中指２.R": "中指２.R",
    "中指３.R": "中指３.R",

    "薬指１.R": "薬指１.R",
    "薬指２.R": "薬指２.R",
    "薬指３.R": "薬指３.R",

    "小指１.R": "小指１.R",
    "小指２.R": "小指２.R",
    "小指３.R": "小指３.R",

    "親指０.L": "親指０.L",
    "親指１.L": "親指１.L",
    "親指２.L": "親指２.L",

    "人指１.L": "人指１.L",
    "人指２.L": "人指２.L",
    "人指３.L": "人指３.L",

    "中指１.L": "中指１.L",
    "中指２.L": "中指２.L",
    "中指３.L": "中指３.L",

    "薬指１.L": "薬指１.L",
    "薬指２.L": "薬指２.L",
    "薬指３.L": "薬指３.L",

    "小指１.L": "小指１.L",
    "小指２.L": "小指２.L",
    "小指３.L": "小指３.L",

    "Arm.L": "upper_arm.L",
    "forearm.L": "forearm.L",
    "hand.L": "hand.L",
    "shoulder.L": "shoulder.L",
    "thigh.L": "thigh.L",
    "shin.L": "shin.L",
    "foot.L": "foot.L",
    "toe.L": "toe.L",
    "heel.L": "heel.02.L",

    "Arm.R": "upper_arm.R",
    "forearm.R": "forearm.R",
    "hand.R": "hand.R",
    "shoulder.R": "shoulder.R",
    "thigh.R": "thigh.R",
    "shin.R": "shin.R",
    "foot.R": "foot.R",
    "toe.R": "toe.R",
    "heel.R": "heel.02.R",

    "spine": "spine",
    "spine.001": "spine.001",
    "spine.002": "spine.002",
    "spine.003": "spine.003",
    "spine.004": "spine.004",
    "spine.006": "spine.006",
    "face": "face",
    "eye.L": "eye.L",
    "eye.R": "eye.R",

    "thumb.01.R": "thumb.01.R",
    "thumb.02.R": "thumb.02.R",
    "thumb.03.R": "thumb.03.R",

    "palm.01.R": "palm.01.R",
    "f_index.01.R": "f_index.01.R",
    "f_index.02.R": "f_index.02.R",
    "f_index.03.R": "f_index.03.R",

    "palm.02.R": "palm.02.R",
    "f_middle.01.R": "f_middle.01.R",
    "f_middle.02.R": "f_middle.02.R",
    "f_middle.03.R": "f_middle.03.R",

    "palm.03.R": "palm.03.R",
    "f_ring.01.R": "f_ring.01.R",
    "f_ring.02.R": "f_ring.02.R",
    "f_ring.03.R": "f_ring.03.R",

    "palm.04.R": "palm.04.R",
    "f_pinky.01.R": "f_pinky.01.R",
    "f_pinky.02.R": "f_pinky.02.R",
    "f_pinky.03.R": "f_pinky.03.R",

    "thumb.01.L": "thumb.01.L",
    "thumb.02.L": "thumb.02.L",
    "thumb.03.L": "thumb.03.L",

    "palm.01.L": "palm.01.L",
    "f_index.01.L": "f_index.01.L",
    "f_index.02.L": "f_index.02.L",
    "f_index.03.L": "f_index.03.L",

    "palm.02.L": "palm.02.L",
    "f_middle.01.L": "f_middle.01.L",
    "f_middle.02.L": "f_middle.02.L",
    "f_middle.03.L": "f_middle.03.L",

    "palm.03.L": "palm.03.L",
    "f_ring.01.L": "f_ring.01.L",
    "f_ring.02.L": "f_ring.02.L",
    "f_ring.03.L": "f_ring.03.L",

    "palm.04.L": "palm.04.L",
    "f_pinky.01.L": "f_pinky.01.L",
    "f_pinky.02.L": "f_pinky.02.L",
    "f_pinky.03.L": "f_pinky.03.L",

    "ORG-Arm.L": "ORG-upper_arm.L",
    "ORG-forearm.L": "ORG-forearm.L",
    "ORG-hand.L": "ORG-hand.L",
    "ORG-shoulder.L": "ORG-shoulder.L",
    "ORG-thigh.L": "ORG-thigh.L",
    "ORG-shin.L": "ORG-shin.L",
    "ORG-foot.L": "ORG-foot.L",
    "ORG-toe.L": "ORG-toe.L",

    "ORG-Arm.R": "ORG-upper_arm.R",
    "ORG-forearm.R": "ORG-forearm.R",
    "ORG-hand.R": "ORG-hand.R",
    "ORG-shoulder.R": "ORG-shoulder.R",
    "ORG-thigh.R": "ORG-thigh.R",
    "ORG-shin.R": "ORG-shin.R",
    "ORG-foot.R": "ORG-foot.R",
    "ORG-toe.R": "ORG-toe.R",

    "ORG-spine_007": "ORG-spine_007",
    "ORG-spine.001": "ORG-spine.001",
    "ORG-spine.002": "ORG-spine.002",
    "ORG-spine.003": "ORG-spine.003",
    "ORG-spine.004": "ORG-spine.004",
    "ORG-spine.006": "ORG-spine.006",
    "ORG-face": "ORG-face",
    "ORG-eye.L_parent": "ORG-eye.L_parent",
    "ORG-eye.R_parent": "ORG-eye.R_parent",
    "ORG-eye.L": "ORG-eye.L",
    "ORG-eye.R": "ORG-eye.R",

    "ORG-thumb.01.R": "ORG-thumb.01.R",
    "ORG-thumb.02.R": "ORG-thumb.02.R",
    "ORG-thumb.03.R": "ORG-thumb.03.R",

    "ORG-f_index.01.R": "ORG-f_index.01.R",
    "ORG-f_index.02.R": "ORG-f_index.02.R",
    "ORG-f_index.03.R": "ORG-f_index.03.R",

    "ORG-f_middle.01.R": "ORG-f_middle.01.R",
    "ORG-f_middle.02.R": "ORG-f_middle.02.R",
    "ORG-f_middle.03.R": "ORG-f_middle.03.R",

    "ORG-f_ring.01.R": "ORG-f_ring.01.R",
    "ORG-f_ring.02.R": "ORG-f_ring.02.R",
    "ORG-f_ring.03.R": "ORG-f_ring.03.R",

    "ORG-f_pinky.01.R": "ORG-f_pinky.01.R",
    "ORG-f_pinky.02.R": "ORG-f_pinky.02.R",
    "ORG-f_pinky.03.R": "ORG-f_pinky.03.R",

    "ORG-thumb.01.L": "ORG-thumb.01.L",
    "ORG-thumb.02.L": "ORG-thumb.02.L",
    "ORG-thumb.03.L": "ORG-thumb.03.L",

    "ORG-f_index.01.L": "ORG-f_index.01.L",
    "ORG-f_index.02.L": "ORG-f_index.02.L",
    "ORG-f_index.03.L": "ORG-f_index.03.L",

    "ORG-f_middle.01.L": "ORG-f_middle.01.L",
    "ORG-f_middle.02.L": "ORG-f_middle.02.L",
    "ORG-f_middle.03.L": "ORG-f_middle.03.L",

    "ORG-f_ring.01.L": "ORG-f_ring.01.L",
    "ORG-f_ring.02.L": "ORG-f_ring.02.L",
    "ORG-f_ring.03.L": "ORG-f_ring.03.L",

    "ORG-f_pinky.01.L": "ORG-f_pinky.01.L",
    "ORG-f_pinky.02.L": "ORG-f_pinky.02.L",
    "ORG-f_pinky.03.L": "ORG-f_pinky.03.L"

}