{
    "p-腕.L": "upper_arm.L",
    "p-腕.R": "upper_arm.R",
    "p-ひじ.L": "forearm.L",
    "p-ひじ.R": "forearm.R",
    "p-肩.L": "shoulder.L",
    "p-肩.R": "shoulder.R",
    "p-足.L": "thigh.L",
    "p-足.R": "thigh.R",
    "p-ひざ.L": "shin.L",
    "p-ひざ.R": "shin.R",
    "p-足首.L": "foot.L",
    "p-足首.R": "foot.R",
    "p-足先EX.L": "toe.L",
    "p-足先EX.R": "toe.R",
    "p-手首.L": "hand.L",
    "p-手首.R": "hand.R",
    "p-下半身": "spine",
    "p-上半身": "spine.001",
    "p-上半身3": "spine.002",
    "p-上半身2": "spine.003",
    "p-首": "spine.004",
    "p-頭": "spine.006",
    "p-目.L": "eye.L",
    "p-目.R": "eye.R",
    "p-親指０.R": "thumb.01.R",
    "p-親指１.R": "thumb.02.R",
    "p-親指２.R": "thumb.03.R",
    "p-人指１.R": "f_index.01.R",
    "p-人指２.R": "f_index.02.R",
    "p-人指３.R": "f_index.03.R",
    "p-中指１.R": "f_middle.01.R",
    "p-中指２.R": "f_middle.02.R",
    "p-中指３.R": "f_middle.03.R",
    "p-薬指１.R": "f_ring.01.R",
    "p-薬指２.R": "f_ring.02.R",
    "p-薬指３.R": "f_ring.03.R",
    "p-小指１.R": "f_pinky.01.R",
    "p-小指２.R": "f_pinky.02.R",
    "p-小指３.R": "f_pinky.03.R",
    "p-親指０.L": "thumb.01.L",
    "p-親指１.L": "thumb.02.L",
    "p-親指２.L": "thumb.03.L",
    "p-人指１.L": "f_index.01.L",
    "p-人指２.L": "f_index.02.L",
    "p-人指３.L": "f_index.03.L",
    "p-中指１.L": "f_middle.01.L",
    "p-中指２.L": "f_middle.02.L",
    "p-中指３.L": "f_middle.03.L",
    "p-薬指１.L": "f_ring.01.L",
    "p-薬指２.L": "f_ring.02.L",
    "p-薬指３.L": "f_ring.03.L",
    "p-小指１.L": "f_pinky.01.L",
    "p-小指２.L": "f_pinky.02.L",
    "p-小指３.L": "f_pinky.03.L"
}